Id,ORGANIZATION,NAME,GENDER,SPECIALITY,ADDRESS,CITY,STATE,ZIP,LAT,LON,ENCOUNTERS,PROCEDURES
9ec8a76e-d958-3eed-a4c1-ed77230920dd,74ab949d-17ac-3309-83a0-13b4405c66aa,Ted955 Reilly981,M,GENERAL PRACTICE,881 Main Street,Fitchburg,MA,01420,42.586487,-71.80521,110,0
2f07073e-0cf1-36ee-a437-323ce33c929e,588f6ce6-b8db-3588-8189-29db2680a313,Terence292 Brakus656,M,GENERAL PRACTICE,461 WALNUT AVE,JAMAICA PLAIN,MA,021302331,42.311587599999996,-71.09800136347226,34,0
225d2780-f9ab-30c4-b086-ab999107f731,faffaf6a-ee1a-3673-b0b0-421a9c249244,Gustavo235 Armstrong51,M,GENERAL PRACTICE,66 WASHINGTON ST,STOUGHTON,MA,020722571,42.14415820061801,-71.10378319512402,21,0
8bd72e51-5813-3ff0-b5e4-68afa3a1904f,17a4bae5-8b64-34d7-8144-b428be027bd0,Olympia319 Ward668,F,GENERAL PRACTICE,512 MAIN STREET  SUITE 211,SHREWSBURY,MA,015456406,42.295109499999995,-71.71808471110307,5,0
aadb4ffa-dafd-3e26-8822-088c74ae2262,e09d4c49-c2ef-3b0f-9a46-3719d9219306,Jules135 Emard19,M,GENERAL PRACTICE,60 HOSPITAL RD,LEOMINSTER,MA,014533290,42.54031915,-71.76312990486304,96,0
8fad4976-16f5-3d73-bfd2-34cd5ffd5029,e76b5eb0-0c9d-3593-b5da-3c0e9a97bb96,Sal878 Lehner980,M,GENERAL PRACTICE,1400 VFW Parkway,West Roxbury,MA,02132,42.2793,-71.1657,374,0
439ef8f7-5bb9-3472-b700-22ee784392af,5becf220-2978-3f33-bd38-9326947f85de,Thad495 Leannon79,M,GENERAL PRACTICE,240 LYNNFIELD STREET,PEABODY,MA,019605055,42.5141736,-70.97106354209534,10,0
089fc0da-6c96-3a1e-b524-05438ccd9071,77d67d58-b097-3309-a94c-abd49c432528,Demetrius568 Moore224,M,GENERAL PRACTICE,383 MILL ST,WORCESTER,MA,016022414,42.2618147,-71.85253220643622,1,0
57446d58-4fa7-3acb-aee1-d6d564bd27d1,ab701a70-a658-340e-8f69-ee196a7d40c6,Bud153 Parisian75,M,GENERAL PRACTICE,484 RTE 134,WORCESTER,MA,016071728,42.2625621,-71.8018877,7,0
10676785-cb3f-3dc1-af67-469ce7c1ae66,41e77ca4-b0d7-3c1d-ac88-4ae5a705913d,Johnson679 Pfeffer420,M,GENERAL PRACTICE,20 CLAFLIN STREET,MILFORD,MA,017573356,42.137601149999995,-71.51680334935877,2,0
df747a24-e26e-320a-9a9c-46fcc6c54783,11ba6a26-59b4-3728-a268-6dc9929962b4,Angelic427 McCullough561,F,GENERAL PRACTICE,200 GOVERNORS AVENUE,MEDFORD,MA,021551644,42.42711615,-71.1121606632448,9,0
8a12fe4b-b0cb-3947-9764-fa1e39806fb2,8a2e2731-3240-39d1-b4f0-cad14200937d,Carter549 Ritchie586,M,GENERAL PRACTICE,88 WASHINGTON ST,TAUNTON,MA,027802465,41.9062805,-71.09518121351795,33,0
99e5923a-e1a5-30e0-aecd-91927b8d545c,dcbd0460-9bcf-3e7d-a923-1d22bcc5a9bd,Salvador46 Dooley940,M,GENERAL PRACTICE,279 DALTON AVENUE  SUITE B,PITTSFIELD,MA,012013500,42.4606344,-73.22185917597403,11,0
72d35abb-424b-38fe-ba2a-4e8be2c3b488,88e28a1c-aad9-36d0-832b-b579ecb95c3d,Anthony633 Toy286,M,GENERAL PRACTICE,14 MANNING AVENUE,LEOMINSTER,MA,014535768,42.5253035,-71.7584413,37,0
70182c17-68de-31cf-be06-ad7d1a8e3f13,52ecddd8-42f6-35cc-88a5-cf474c02fb49,Cecil300 Fahey393,M,GENERAL PRACTICE,94 OBERY STREET,PLYMOUTH,MA,023602130,41.93725,-70.65503160208334,17,0
2e749fd2-63aa-3e84-8513-834fa5e5bff0,0c8cc36b-3025-37ad-b7ab-50ea3aeea5a8,Clifton91 Terry864,M,GENERAL PRACTICE,143 LONGWATER DRIVE,WEYMOUTH,MA,021902432,42.2212188,-70.9391625,8,0
c42ebbe9-519b-3150-8535-7badecb5bdb1,4bf8af75-4da2-331d-b94e-9975a887face,Gussie514 Mosciski958,F,GENERAL PRACTICE,57 PROSPECT ST,NANTUCKET,MA,025542799,41.27514065,-70.10108985970798,33,0
35eee250-7f9c-3a87-94d8-0f3da226067a,f945589f-88aa-366b-9e9d-2418d091112d,Ulysses632 Ziemann98,M,GENERAL PRACTICE,105 ERDMAN WAY,LEOMINSTER,MA,014531805,42.54685255,-71.75737313871981,81,0
e07e2855-6b62-36bd-a8cf-0040cd2d9b60,bdc3ee76-9cf3-316d-b202-a8da1ea3fa20,Harland508 Rippin620,M,GENERAL PRACTICE,130 RUMFORD AVENUE  SUITE 211,AUBURNDALE,MA,024661370,42.35853505,-71.24125521214887,1,0
8e7d1598-f0b3-3cb4-9a86-77c81c89bfc0,7f08f09e-c5f7-38cd-83ba-ddafedd88a13,Shayne60 Pacocha935,M,GENERAL PRACTICE,133 SALEM ST,REVERE,MA,021511114,42.43833805,-71.01730877599738,1,0
4b68d7e3-0e7f-378c-b371-12edc094c372,643eac8e-1620-3b6a-b9f3-664b003d22cd,Lasonya941 Kiehn525,F,GENERAL PRACTICE,34 GIFFORD ST,NEW BEDFORD,MA,027442610,41.6177929,-70.91890087055067,61,0
29dbcc43-45b2-356d-b3ea-824e5cf519f1,8e3ca57f-6f74-3d61-9803-ab1424290216,Humberto482 Mann644,M,GENERAL PRACTICE,89 MORTON STREET,ANDOVER,MA,018102036,42.6551409,-71.12857340697036,71,0
397e139b-932f-34db-957d-f81499556886,5fcff9db-16e4-3e56-aa78-abbc16338097,Marcus77 Schamberger479,M,GENERAL PRACTICE,295 VARNUM AVE,WESTFORD,MA,018863513,42.5792583,-71.4378411,51,0
70ee5d18-4467-3539-ba2e-b0f32644b344,fa09396a-2926-3b21-ad0c-9f6cabbce0eb,Brigitte394 Bartoletti50,F,GENERAL PRACTICE,1210 BOSTON PROVIDENCE TPKE,NORWOOD,MA,020625061,42.1714075,-71.1951186,15,0
ff379c5d-6bd4-3fe0-96ae-de09b53f7520,84abfbd5-41c1-3df4-9b31-7ca93cb2309a,Cole117 Block661,M,GENERAL PRACTICE,85 HERRICK ST,BEVERLY,MA,019151790,42.56415055,-70.8751357650672,42,0
d0261fea-e9c9-36f5-b1c4-3d8ca5f06da4,4cb90b5f-734d-322f-a2f2-776824e1ce35,Lesha323 Emard19,F,GENERAL PRACTICE,770 CONVERSE STREET,LONGMEADOW,MA,011061719,42.0639853,-72.5521444,2,0
6f64db6a-aa09-3a43-97d8-75cb528dcbca,2e1eaaf1-ebb0-332c-8921-f48e15b91879,Tambra47 Nolan344,F,GENERAL PRACTICE,2 SEAPORT DRIVE,QUINCY,MA,021711599,42.29287335,-71.03019020136307,4,0
38d77495-c48e-374e-bbd9-7e89c28108d4,b66db758-a205-3227-9cfb-bf19d2c1962d,Jamal145 Stroman228,M,GENERAL PRACTICE,121 HARVARD AVENUE  2ND FL,ALLSTON,MA,021342702,42.35241825,-71.13220132573996,4,0
da235dda-941d-34e4-9999-21bc4ff70b9d,609ec9f1-e806-3427-b912-9e3b2915521d,Cherrie404 Conn188,F,GENERAL PRACTICE,575 BEECH STREET,HOLYOKE,MA,010406604,42.20105435,-72.628169560868,4,0
696d4d25-3fc5-329a-875a-46e387935fa6,2b84e56e-08b4-3078-b3ea-4d159208e065,Barton704 Bahringer146,M,GENERAL PRACTICE,1029 PLEASANT ST,BRIDGEWATER,MA,023242301,41.9718173,-71.00937893001648,20,0
59bd7fb8-8ce1-3cae-8be4-50b1b1fae641,a14e698d-a9ba-3eae-9c8b-682ec726433d,Karla801 Cummerata161,F,GENERAL PRACTICE,776 WESTERN AVE,LYNN,MA,019052408,42.466763,-70.9494939,3,0
bfcdd228-5d21-3e94-9280-1236f399ad68,a247ed53-5f17-3eb5-87be-1d2257fa1579,Jamal145 Weissnat378,M,GENERAL PRACTICE,44 KEYSTONE DR,LEOMINSTER,MA,014531904,42.55144955,-71.74402465363428,1,0
cb71721c-7e4b-35da-8d4a-2b4840441c43,b6eeaaf7-1683-3bcb-b6ee-81ce304636ef,Ariane992 Pagac496,F,GENERAL PRACTICE,170 GOVERNORS AVE,MELROSE,MA,021763225,42.4564323,-71.064182,14,0
ee8feedc-eff4-3e43-b78b-e6bd68151830,b03b624d-c939-3688-986d-9555b8009a3b,Trinity427 Hartmann983,F,GENERAL PRACTICE,230 MAPLE ST,HOLYOKE,MA,010405144,42.207406,-72.608419,61,0
301f9141-3dbc-38f3-bca9-7c909a84caa9,ea153d0a-9ccc-3769-9a25-934b417071b7,Adam631 Towne435,M,GENERAL PRACTICE,463 WORCESTER RD,FRAMINGHAM,MA,017015354,42.3095704,-71.4413097,45,0
9b27f28a-3c10-3a04-9cbf-5fbc85457fe3,d3085315-9893-34c7-8889-3a31dc17c2b0,Ethyl508 Rau926,F,GENERAL PRACTICE,1428 MAIN ST STE 7,WALPOLE,MA,020811729,42.1325911,-71.2618886,70,0
3bb055ad-bcef-37c6-bd9b-6218bb233a76,469171e3-f6ec-3258-8e16-7038f6a439c0,Mireille557 Brakus656,F,GENERAL PRACTICE,COUNTRYSIDE DRIVE,MILFORD,MA,017571252,42.1413353,-71.5192019,18,0
b0ee1945-b87a-36b5-8014-8700462027e3,18061fd5-fda8-3e2d-87f0-0f3c87211bcc,Margarite168 Koepp521,F,GENERAL PRACTICE,1493 CAMBRIDGE ST,SOMERVILLE,MA,021431408,42.3875968,-71.0994968,140,0
ba550c54-4f00-3e26-b314-e2ac761ef7dc,b3ada130-6443-3a8e-98c7-4ec127a2b0c4,Natalya468 Haley279,F,GENERAL PRACTICE,ONE GREAT ROAD,ACTON,MA,017205601,42.4850931,-71.43284,13,0
1926eb5f-2828-3bf9-b1eb-e93b5fce7767,a36dcb53-a762-38d4-ae84-40f46195a6dd,Virgina372 Reilly981,F,GENERAL PRACTICE,260 EASTHAMPTON ROAD,HOLYOKE,MA,010401213,42.226424,-72.646798,1,0
d41a800e-820d-3ac9-982d-816343e8ccc6,acffdfa8-1383-3929-8c99-e73969491439,Iva908 O'Keefe54,F,GENERAL PRACTICE,1153 CENTRE ST,BOSTON,MA,021303446,42.3017598,-71.12855793387442,116,0
3e50f628-c00b-34a8-aa9f-7567b714d8b8,1e11392b-1278-3e70-93cd-f396cbd0c265,Gerry91 Block661,F,GENERAL PRACTICE,115 LINCOLN ST,NATICK,MA,017607700,42.2843753,-71.3441395,92,0
cfee4875-e2d9-3c5e-bf14-da8a65a45a77,6cf8a214-8d57-3267-85e5-7719e15cd63e,Cindie288 Zulauf375,F,GENERAL PRACTICE,170 MORTON STREET,JAMAICA PLAIN,MA,021303735,42.299067750000006,-71.10124351911541,185,0
82d26186-0c9f-3050-be69-3ce991e4c919,0fedae9f-701f-3317-9b2f-69aea2202cdc,Sharron285 Batz141,F,GENERAL PRACTICE,88 EAST NEWTON STREET,WINTHROP,MA,021522715,42.3750976,-70.982827,73,0
25f11e43-bebd-35ba-9544-79a5cca294a3,4b7c1695-a178-3e03-8651-51acfd3b8372,Jesusita936 O'Keefe54,F,GENERAL PRACTICE,600 OLD SOMERSET AVE,NORTH DIGHTON,MA,027641824,41.86399,-71.1244904,96,0
b9bf38cf-c070-3066-96f3-d10c56e7c695,aade280a-3b90-3e48-9648-91109a964a63,Esperanza675 Berríos934,F,GENERAL PRACTICE,909 SUMNER ST,DARTMOUTH,MA,027473826,41.6332267,-70.9879928,257,0
0f0dd280-0ec5-398e-85b5-6b8147609d17,6adc9d34-9b73-3285-abb7-56e567f1ba26,Keven605 Wunsch504,M,GENERAL PRACTICE,271 NAHANT RD,NAHANT,MA,019081341,42.42554385,-70.91995214383596,1,0
248847e3-0acd-3cde-ab68-60658d5f8ed7,7a3b8310-02eb-3c47-aa1b-3f55b3ed9de9,Leif534 Dare640,M,GENERAL PRACTICE,6 HATFIELD ST,NORTHAMPTON,MA,010602545,42.333172950000005,-72.6566355591273,6,0
6d500b62-021b-3f1d-a0d9-63b192df8162,ad007cc5-a3df-3aa7-886d-5123ab59d189,Antoine384 Maggio310,M,GENERAL PRACTICE,85 N WASHINGTON ST,NORTH ATTLEBORO,MA,027601634,41.98443775,-71.33190349847027,3,0
7eeb1ff9-7fa1-316f-b23c-8c0ff3069296,0fab3c4e-a028-39a6-b15a-be5a88b6aa2a,Cletus494 Paucek755,M,GENERAL PRACTICE,222 STATE STREET,LUDLOW,MA,010563437,42.15547415,-72.47222226666076,83,0
f4a68cb0-699a-33f8-8df5-bfe03263cee3,52261c45-f32b-3666-9da7-890705373c9d,Ramon749 Johnston597,M,GENERAL PRACTICE,30 PERWAL ST,WESTWOOD,MA,020901928,42.21397175,-71.1786332019174,4,0
4b04a076-ad1f-36c1-ba7d-c7c266dfe7c1,6b209cfb-56fd-31b8-895e-c936839bfa1d,Colton403 Glover433,M,GENERAL PRACTICE,37 BIRCH ST,MILFORD,MA,017575501,42.1424349,-71.48943173357203,25,0
3174e318-fd3a-3942-94ca-3bf200e31616,ce53c877-0290-390a-b4b4-2462001a1713,Elisa944 Chávez927,F,GENERAL PRACTICE,847 ROGERS STREET  SUITE 201,LOWELL,MA,018524345,42.6275246,-71.27673639687623,11,0
c4cb57fb-f2e3-3882-9006-0e3c88a1c9a6,34f0b10a-5e29-31de-a75e-e0bb03c0c0d4,Heath320 Leuschke194,M,GENERAL PRACTICE,56 COLPITTS RD,WESTON,MA,024931568,42.36610065,-71.3036759,30,0
f7099849-253d-3523-9cd0-2905f8822e62,e9a24be5-b0a3-3fd2-a606-dd13498024ea,Darwin703 O'Hara248,M,GENERAL PRACTICE,85 E MAIN ST STE A,NORTON,MA,027662307,41.971697,-71.17689334021827,30,0
d4b09f9e-d38b-3757-8f1e-095b692e8558,57e4e5fa-d68d-3caa-a5ad-37beb1b51207,Abdul218 White193,M,GENERAL PRACTICE,800 WASHINGTON ST,NORWOOD,MA,020623487,42.1886973,-71.2005241,1,0
ba4d5509-1b50-332a-93cc-afe0ec04d93f,2befa435-3070-3350-a15c-e43ac1e84b24,Teressa589 Schuster709,F,GENERAL PRACTICE,575 BEECH STREET,HOLYOKE,MA,010406604,42.20105435,-72.628169560868,10,0
475514d1-efaa-3c1a-8d8a-2326fae3f62f,ad82d624-72eb-3c7d-a76d-79f2668d1390,Georgianne697 Howe413,F,GENERAL PRACTICE,3 WOODLAND RD,STONEHAM,MA,021801711,42.452443099999996,-71.08939988105112,28,0
66feba3e-420e-350f-a793-ce86e57cfeda,b8421363-9807-3b16-a146-95336eea5cfb,Cleveland582 Kuphal363,M,GENERAL PRACTICE,30 LOCUST ST,NORTHAMPTON,MA,010602052,42.33032115,-72.65330802608176,172,0
8d10b1d1-5090-3e9f-8cb2-683f447f97ef,3498e7d3-90fd-366b-bc6a-6f41dad6bae6,Pat3 Bradtke547,M,GENERAL PRACTICE,112 WEST MAIN STREET,NORTHBOROUGH,MA,015321824,42.318559050000005,-71.65097281611972,63,0
f78c38d8-bffd-3691-9c84-bbc8494cf953,24460683-f514-37ef-98c1-724b2fc9aa2a,Dale454 Wilderman619,M,GENERAL PRACTICE,60 HODGES AVE,TAUNTON,MA,027803034,41.91158935,-71.10129620180315,31,0
f3618404-7368-3c92-960f-000bc8714796,e854f053-5621-31fa-afa1-29040b0d7466,Latrice352 Ferry570,F,GENERAL PRACTICE,1575 BLUE HILL AVE,BOSTON,MA,021262122,42.2698727,-71.0940406,134,0
cffffe08-d3fd-3fb9-9a3a-25a4baa37c1f,fbd4ccdf-2fdb-3652-9bbe-1ccff886bd34,Jermaine675 Collins926,M,GENERAL PRACTICE,320 CENTRAL STREET  UNIT A2,SAUGUS,MA,019062372,42.4632069,-71.0093761,3,0
b136f860-72de-3a61-ab26-87f74751af2d,6170552c-4d27-3e64-8068-64a380f1837d,Jackelyn13 Pacocha935,F,GENERAL PRACTICE,76 SUMMER ST,HAVERHILL,MA,018305814,42.7786873,-71.07306505177553,4,0
f627037a-8b1c-3d76-b395-850ce980ffa7,e6cc6043-299a-3581-8f6b-b3b5d62c46ae,Fritz267 Farrell962,M,GENERAL PRACTICE,532 SUMNER AVE,SPRINGFIELD,MA,011082458,42.08631583333334,-72.55792579166666,57,0
32bfa491-3304-38a6-a258-cd3fb548d83b,b9e35b8a-9831-32d8-a6dc-d7a546c126b0,Venus149 Blick895,F,GENERAL PRACTICE,111 HUNTOON MEMORIAL HIGHWAY  1ST FLOOR,SPRINGFIELD,MA,011092550,42.1018764,-72.5886727,28,0
68f81535-4e71-3009-9a23-444bbad7b9a9,70d5bbef-3c05-3318-b9d7-003dc8fbb8cf,Wilfredo622 Little434,M,GENERAL PRACTICE,33 SUMMER ST,TAUNTON,MA,027803479,41.9005416,-71.08895606814966,1,0
bb4a3f3d-8ca0-390e-a780-e62748818129,27bf2e46-7445-35e7-9106-3ce1b074db47,Kathryn101 Donnelly343,F,GENERAL PRACTICE,80 BOSTON RD,NORTH BILLERICA,MA,018621034,42.5871093,-71.2948553,4,0
9305e80c-4922-3c21-b6cf-16f725e27d53,e1818b21-4458-3b9c-b2b8-7ed6f57ae078,Tamisha203 Wilderman619,F,GENERAL PRACTICE,2399 BOSTON ROAD,WILBRAHAM,MA,010951185,42.14668485,-72.45048427046072,6,0
caad1184-2ffd-3600-ad2a-73e460851224,8d110f42-6f75-3751-b0c5-b45ab08333a1,Lino542 Feest103,M,GENERAL PRACTICE,88 WASHINGTON ST,TAUNTON,MA,027802465,41.9062805,-71.09518121351795,2,0
d6a37c45-7fe4-3863-a3c0-5e60538e6875,dd3307db-114c-3f11-be44-a9eef6bb3fc5,Evelin941 Ratke343,F,GENERAL PRACTICE,269 UNION STREET,LYNN,MA,019011201,42.4652772,-70.94362420273097,46,0
c4bb6ddd-3bf0-3e5c-9a3c-749a1a5c826e,2e8b42f8-4300-30a9-a576-d513d1021a0a,Chris95 Haag279,M,GENERAL PRACTICE,600 CLARK RD,TEWKSBURY,MA,018761699,42.63120935,-71.27023603178071,118,0
d477037b-8584-3f91-ae67-8371a80593b0,0caa0116-ef9a-3d4c-bcff-9c405a9d2bda,Aubrey96 Emard19,M,GENERAL PRACTICE,105 CHESTNUT ST STE 35,PLYMOUTH,MA,023604054,41.884685,-70.847219,39,0
72d682ad-41bc-3af5-9b8b-f3f858938c04,d140ed3f-2696-3e78-bd77-1c959ec4fc4d,Orpha286 Marks830,F,GENERAL PRACTICE,863 HATHAWAY ROAD,NEW BEDFORD,MA,027401916,41.6512968,-70.9669902070805,10,0
e5721797-13d2-3142-9e3f-491e427c5a37,d4e48a16-0a60-3e90-81e5-c35b22ffe6af,Elmer371 Kutch271,F,GENERAL PRACTICE,856 STATE RD,NORTH ADAMS,MA,012473027,42.69967208677275,-73.16330754755236,15,0
ee184d85-45a7-34dd-aa4e-5b3611f617c0,a609d72c-6c90-3703-8500-02b8c9c0f6dc,Lenard338 Dickens475,M,GENERAL PRACTICE,1000 NORTH ST,PITTSFIELD,MA,012011520,42.4680348,-73.24334506233173,2,0
b41f5a79-dad3-359c-ae46-d00247813ee1,39c15c0f-5c49-311e-99d2-1fb99d80e06e,Salvador46 Homenick806,M,GENERAL PRACTICE,398 NEPONSET AVE,DORCHESTER,MA,021223134,42.286764399999996,-71.04402811508834,48,0
feaf508b-9c8c-38b7-9334-de83ac32861b,bccd7d67-203c-3d93-b6b0-bff5a146cd1d,Courtney281 Kihn564,M,GENERAL PRACTICE,286 WASHINGTON ST,STOUGHTON,MA,020721763,42.1384306,-71.1022598,481,0
f7ba8efa-5d6c-3abf-b4eb-054f2030e78a,63cb4d95-04a9-3a35-b5d9-f89e0377a48d,Thanh759 Weber641,M,GENERAL PRACTICE,211 PARK ST,ATTLEBORO,MA,027033143,41.9419187,-71.2752081695297,1440,0
baefe5eb-3ab9-3f09-bdda-6183899fc064,0d24cc89-3256-330c-b36d-d8de8babef84,Mariano761 Cazares77,M,GENERAL PRACTICE,1030 FALMOUTH RD,SOUTH YARMOUTH,MA,026641218,41.6667779,-70.1847414,66,0
b22221d1-1d72-3390-a434-a8efd1cb2d3e,db28cc9a-fdfb-35a6-aef7-ab9b933ef244,Judy192 Gleason633,F,GENERAL PRACTICE,8 DANA STREET,CAMBRIDGE,MA,021385402,42.3694992,-71.11011030010101,10,0
ce3c8057-82ca-31a6-970b-ef77e4ad7f15,844a8cb2-4164-35b2-88b8-dffa2889a738,Alonzo487 Conn188,M,GENERAL PRACTICE,150 UNIVERSITY DRIVE,AMHERST,MA,010022232,42.368937,-72.53247107203978,19,0
42d76408-2d8a-39ff-b51c-6ba0b2956316,5117bb89-3a9f-3740-a0f1-c3a1a8d7851e,Rashad361 Predovic534,M,GENERAL PRACTICE,20 ELM ST,PITTSFIELD,MA,012016502,42.4458896,-73.2448206979669,62,0
61f7dc50-ae42-3366-8613-99273c9354c0,9d0e702d-50a0-3f4c-9126-0951d560fd4b,Hellen346 Roberts511,F,GENERAL PRACTICE,189 MAY ST,WORCESTER,MA,016024339,42.25986305,-71.83597786023279,38,0
73674b71-dc62-3e4f-8d47-2753b18fcc59,ea8d287f-b3a9-3800-8798-788e334ee406,Palmer257 Kuphal363,M,GENERAL PRACTICE,81 HIGHLAND AVE,SWAMPSCOTT,MA,019072928,42.4699241,-70.9171507,152,0
80447fb7-67e9-3065-9379-ffd69c74ed7e,c7542447-e06e-32cb-b6db-243c23a0dbc2,Chantell995 Krajcik437,F,GENERAL PRACTICE,30 WARREN ST,BOSTON,MA,021353602,42.3501483,-71.14393324457691,131,0
ccbfe052-4313-3a14-a5b2-906a16479abd,50c47685-8125-3c50-8311-8bd7ba9e9108,Beth967 McKenzie376,F,GENERAL PRACTICE,4199 WASHINGTON ST,ROSLINDALE,MA,021311733,42.2871447,-71.1277526,110,0
ccd1b2ee-053e-3097-8862-95d58ed6c712,8bf5325a-c11b-35c4-b07d-17a5aeba8353,Penni796 Okuneva707,F,GENERAL PRACTICE,815 WORCESTER STREET,SPRINGFIELD,MA,011511001,42.1018764,-72.5886727,7,0
8c47b916-a42c-319f-807e-3d6ac049970a,46375470-1e20-3ddc-8dc5-010ba53826b6,Clara183 Reynolds644,F,GENERAL PRACTICE,40 WRIGHT ST,PALMER,MA,010691138,42.16934095,-72.34120457065711,6,0
814f0d3e-9d83-3a76-a3d0-e0b199bcd07d,30547c24-6d41-3a9d-8a21-cc3606224d38,Aurore252 Farrell962,F,GENERAL PRACTICE,1200 BRUSH HILL ROAD,MILTON,MA,021862337,42.23073215,-71.122659913074,1,0
224f119e-b5f3-3a62-9d24-3a2c68d87b0c,72f50aa0-d8c9-34dc-ac58-c428323f3bcd,Danuta945 Little434,F,GENERAL PRACTICE,55 FRUIT ST,BOSTON,MA,021142696,42.36286045,-71.06875296664998,31,0
3ac1d207-c161-3fd6-874c-3efe0bf64eaf,eee00932-ca82-36bc-b7e8-e3fff6dbaeaa,Leif534 Hane680,M,GENERAL PRACTICE,450 BROOKLINE AVE,WEYMOUTH,MA,021893141,42.2212188,-70.9391625,23,0
ea1ef38b-311e-302f-bb8b-28d527b3c583,a194e94a-dd16-347e-95ea-8d00052c14d1,Octavio643 Gusikowski974,M,GENERAL PRACTICE,833 MAIN ST,S YARMOUTH,MA,026645254,41.65171785,-70.21464095380932,46,0
a910597f-d2be-3f26-ae60-26ceeb63502e,be509ccb-bfb7-3b87-8945-8426b689ef9d,Man114 Balistreri607,M,GENERAL PRACTICE,2049 DORCHESTER AVENUE,BOSTON,MA,021244742,42.3554334,-71.060511,6,0
5ad4cb4e-9510-335e-9509-86e81bedc1e5,6c7fe370-02c4-3537-8f5e-373b2168b933,Charlesetta336 Swift555,F,GENERAL PRACTICE,60 HOSPITAL ROAD,LEOMINSTER,MA,014533791,42.54031915,-71.76312990486304,61,0
e234471d-2144-3245-bd72-75b48df8e7c6,f8918a95-31e8-3ac4-8d12-29ca6080ebda,Domitila545 Vandervort697,F,GENERAL PRACTICE,199 REEDSDALE RD,MILTON,MA,021863926,42.251368299999996,-71.0768393856917,571,0
a74ce26b-3270-3e2a-9fc4-aad5f236085b,8d5880eb-1dd8-31ea-b7c5-21709f3bb341,Jared66 Satterfield305,M,GENERAL PRACTICE,50 ROWE ST,MELROSE,MA,021763201,42.4592093,-71.06078096379728,38,0
38d5d83a-f8cb-34dd-bb9d-5f4ee505312f,3ff0f58b-7a1f-3334-9449-ff15f68b7d86,Crystle668 McCullough561,F,GENERAL PRACTICE,275 SANDWICH ST,PLYMOUTH,MA,023607761,41.94186605,-70.6455366462985,63,0
856fc56d-ef09-36a3-9112-95f298a15c47,70e3ad4f-b9ff-3f3e-9990-2cd7e23a9d1c,Tambra47 Bosco882,F,GENERAL PRACTICE,1238 RIVERDALE ST,WEST SPRINGFIELD,MA,010894675,42.1373438,-72.62624707492338,13,0
8df72c1d-3ff6-3a1b-8d2e-eb9187b3d3dc,75846b1f-d0ec-3255-9bdd-d09eb0a9dd0d,Vanita165 Bartell116,F,GENERAL PRACTICE,575 BEECH ST,HOLYOKE,MA,010402296,42.20105435,-72.628169560868,70,0
3d63eda4-6b82-3e3a-9e42-cf60d3d581d8,dd280187-8662-3732-af81-595d10572911,Clifton91 Lakin515,M,GENERAL PRACTICE,4499 ACUSHNET AVE,NEW BEDFORD,MA,027454707,41.74026055,-70.9450945705336,32,0
dc6c9074-6d14-387e-b89d-080b2067433e,a6964d47-8af0-3df2-b99d-d8414eb1cfa3,Adrienne302 Schiller186,F,GENERAL PRACTICE,200 MAY ST,SOUTH ATTLEBORO,MA,027035520,41.924394750000005,-71.36076410900014,1759,0
f2c2a46f-756b-3972-a128-0e9f628679f9,e2a4a148-7e7e-3df4-aa79-1835caf7baea,Nada112 Grady603,F,GENERAL PRACTICE,472 MAIN ST,ACTON,MA,017205953,42.4861111,-71.4335468,6,0
b5031193-447a-36eb-85cb-32f8261523d1,dae3ee01-f383-366e-9ad6-dc92963064ea,Orville751 Will178,M,GENERAL PRACTICE,1233 MAIN ST,HOLYOKE,MA,010405381,42.16578055,-72.63389634691956,221,0
b9f44e2a-c103-3099-88b4-ab8e82abefb9,dac75bc1-cbfa-306b-9a0a-88d5edf3638d,Henry768 Ebert178,M,GENERAL PRACTICE,170 COREY ROAD,BRIGHTON,MA,021358244,42.3433093,-71.14003855124017,2,0
d92ee305-cd67-36ae-85fd-3296c62c6145,679a8e99-0f35-3eec-94ed-d8341e9fe33c,Tony646 Hahn503,M,GENERAL PRACTICE,140 WEBB STREET,WEYMOUTH,MA,021882736,42.22281125,-70.96226691624932,1,0
31e4c132-eb74-352c-8302-aecfe84bc3d4,63b4f233-fb49-3b1e-a17c-2d572367b131,Tanika746 Baumbach677,F,GENERAL PRACTICE,2222 CENTRE STREET,WEST ROXBURY,MA,021324034,42.27370345,-71.15856364656862,5,0
5d80c6c1-ccd6-302d-96e8-23e7723da7d7,9d989fcf-4ad9-3972-ada3-f275d967781e,Cristi782 Miller503,F,GENERAL PRACTICE,100 TER HEUN DR,SANDWICH,MA,025632377,41.7579043,-70.4968152,9,0
8f95ab79-05ae-3cf3-aa46-bfacca1b8c4b,542185c1-943a-30f4-aba0-0efaa92488a4,Luetta803 Rau926,F,GENERAL PRACTICE,142 LAKE ST,ARLINGTON,MA,024764738,42.40328885,-71.15140830652837,37,0
1ad9e4c3-c5cc-3c8d-800e-fdda6f7747cf,d27d82d9-29ca-3b12-aa19-97c3de45247f,Franklin857 Kohler843,M,GENERAL PRACTICE,3 LYMAN ST,WESTBOROUGH,MA,015811442,42.2807083393633,-71.60631230525046,1,0
a5313314-5453-31b3-9509-976e049b6509,a2cc09de-c1e2-3126-8c09-d49f95225281,Cristi782 Leannon79,F,GENERAL PRACTICE,300 LONGWOOD AVE,WALTHAM,MA,024532741,42.3756401,-71.2358004,18,0
741c70cc-fcbf-347e-8862-80d62cea2bf1,f312977e-8f41-3816-84cc-e5b12ba36955,Eldora89 Langosh790,F,GENERAL PRACTICE,1153 CENTRE ST,JAMAICA PLAIN,MA,021303446,42.3017598,-71.12855793387442,1,0
837c9fd1-b45a-39ac-9f6b-bbe279d55934,0519b293-2e92-3eb3-aeef-233da0babc93,Juan88 Friesen796,M,GENERAL PRACTICE,40 PARKHURST ROAD,CHELMSFORD,MA,018241511,42.6198215,-71.36189212971482,4,0
192f53ae-a8cb-321c-ad86-825df0948a56,c5403c4f-14d5-3171-9227-a9b8327f3149,Lonnie913 Ferry570,F,GENERAL PRACTICE,52 OLNEY RD,CHICOPEE,MA,010202103,42.1487691,-72.6071119,37,0
0fd1eb0f-0ef9-325c-852e-9765c701e30c,a730c5e6-a15f-3e36-8112-8579e507d330,Drew592 Ankunding277,M,GENERAL PRACTICE,28 LORD RD,MARLBOROUGH,MA,017524549,42.34718040987546,-71.57283065352654,71,0
aae88492-8003-3ff7-ae20-5aa4d691b9cf,389323ef-b127-3a06-a22d-e24aef033e5d,Dina200 Streich926,F,GENERAL PRACTICE,200 PROVIDENCE HWY,DEDHAM,MA,020261881,42.22214545274341,-71.18159060546684,56,0
748bb963-4135-3a8e-b033-65b3c3e74e6a,5a6fa8a5-90e2-3f70-bb3e-3d9dd7ad2f96,Josue598 D'Amore443,M,GENERAL PRACTICE,44 NEW LOMBARD RD,CHICOPEE,MA,010204857,42.1678446,-72.54203576723424,1,0
830b9002-83fd-300f-bf8e-f4e5514156f6,70e943de-a18b-3e03-a204-ecca2f01b6d1,Liliana922 Wolf938,F,GENERAL PRACTICE,76 NORTH MAIN STREET,WEST BOYLSTON,MA,015831130,42.393642299999996,-71.79207534741954,1,0
e9527195-f01b-3b67-89c1-1c1fbcda47fe,e69e7cbb-8362-30d1-83f2-3a0c492fe2b1,Isaac321 Kub800,M,GENERAL PRACTICE,110 LONG POND RD,PLYMOUTH,MA,023602642,41.9255829,-70.65514326847389,81,0
a9047989-df83-362b-ac57-27af658aa179,afc661fd-71d9-3fc3-adf2-3fc3b5e8a140,Leontine92 Schmeler639,F,GENERAL PRACTICE,680 CENTRE ST,RAYNHAM,MA,02767,41.9487118,-71.0731008,29,0
a48f0f7f-69f9-387c-bffc-2606a6c6810d,06cc2462-430f-3322-9c87-7e971125f510,Bryon392 Mann644,M,GENERAL PRACTICE,133 OLD ROAD TO 9 ACRE COR,WESTFORD,MA,018863198,42.5792583,-71.4378411,23,0
fe56e5eb-209f-30ff-a1d7-1b5cfc44706b,ee7fab6f-6438-394f-b1f2-3e452f8f055a,Domonique463 Satterfield305,F,GENERAL PRACTICE,75 BRIMBAL AVENUE,BEVERLY,MA,019156009,42.570099299999995,-70.87108224250409,8,0
7974ed52-fd4b-3930-a29c-c2fcf06fa0df,1ce0d1a3-b507-3ad1-afc5-b25bfe48b8dc,Dovie983 Welch179,F,GENERAL PRACTICE,10 PEARL STREET,STOUGHTON,MA,020722364,42.125716800000006,-71.1025481568314,1,0
f3f371be-c8d8-3963-964e-014768b5ec05,880fad59-9c38-3a21-a39f-ccc801502ab3,Halina47 Pollich983,F,GENERAL PRACTICE,799 CONCORD AVENUE,CAMBRIDGE,MA,021381048,42.390849395521705,-71.1556550001627,23,0
c1c918f1-a57a-3622-9044-2546cce764e2,352f2e3b-0708-3eb4-9f7e-e73a685bf379,Araceli695 Willms744,F,GENERAL PRACTICE,157 UNION ST,SOUTHBOROUGH,MA,017721215,42.3056501,-71.5245087,114,0
01233894-1ffb-3a81-bf66-ce48acc7b37f,a2d45ee8-b930-3169-b612-f602961ad212,Florance664 Leannon79,F,GENERAL PRACTICE,37 MINUTEMAN WAY,SHREWSBURY,MA,015452229,42.288207,-71.73443816915585,37,0
b61ed200-d770-3635-ab29-1181345b3d76,4887dc20-9ef6-3cc2-9c56-858388049a50,Kimberlie352 Kertzmann286,F,GENERAL PRACTICE,168 WEST CENTRAL STREET,NATICK,MA,017604122,42.282113100000004,-71.37898579435048,2,0
1a921f06-738a-3961-8b34-0f58b4ca3a5f,10ffe7b1-2f94-3f12-9288-679da05a1ec9,Odessa199 Hintz995,F,GENERAL PRACTICE,133 LITTLETON RD,WESTFORD,MA,01886,42.57056335,-71.41736646422413,42,0
de67392d-2a4d-32b8-8dc6-22d7f77bf8ee,e98ef46c-e94c-34bc-9cf5-134d8ddcbac5,Patsy569 Olson653,F,GENERAL PRACTICE,10 EMORY ST,ATTLEBORO,MA,027033002,41.9447388,-71.27972821642685,4,0
06933786-67fa-37d0-9988-619bb0eea2ce,2b97893e-dc50-378b-a266-f089b8450329,Gary33 Torphy630,M,GENERAL PRACTICE,250 MOUNT VERNON ST,DORCHESTER,MA,021253120,42.3194571,-71.04610844302991,65,0
2a141170-db2c-3f90-97c3-3333b64a6aca,d0894f6b-78d7-338d-82ad-b63de4d40014,Lynsey2 Lemke654,F,GENERAL PRACTICE,330 MOUNT AUBURN STREET,WALTHAM,MA,02452,42.3756401,-71.2358004,17,0
4c47cd08-3f26-3128-9740-1113ee0ccc80,3d5fbf38-c781-3e04-8c7e-5a402611b7d4,Vito638 Barton704,M,GENERAL PRACTICE,260 ELM ST,SOMERVILLE,MA,021442951,42.3955992,-71.1227391,194,0
684d1e96-db99-38c6-8ce7-6dd44fbc1a78,03c5769d-b185-35ee-b563-9e651cff95bc,Delbert384 Rohan584,M,GENERAL PRACTICE,807 WILBRAHAM RD,SPRINGFIELD,MA,011092067,42.1108434,-72.5341133,1,0
c765e8d1-a0ec-3ea0-8a43-2258090c797b,2f67494e-f17e-3248-ba68-3ca42913cca1,Majorie11 Bergstrom287,F,GENERAL PRACTICE,184 MAIN STREET,FAIRHAVEN,MA,027193259,41.646106,-70.90865208079187,13,0
d8facd8f-6a18-3d51-a53b-a2df24943de7,88975fd9-b47e-3af6-af78-c58e1ecf0d5e,Azzie965 Feil794,F,GENERAL PRACTICE,115 W SILVER ST,WESTFIELD,MA,010853628,42.1178811,-72.75935246865802,11,0
b6752762-5fa7-3e51-a070-4082a46531f9,52efa2e5-007f-3396-a83a-28ca015f0595,Ranee391 Turner526,F,GENERAL PRACTICE,20 N PARK AVE STE 2200A,PLYMOUTH,MA,023604090,41.960434631488596,-70.67007876763536,8,0
0011056b-356e-3018-963c-128429d1e2e9,19439108-9835-38fe-8ee2-1226a355cfba,Georgeann302 Kunze215,F,GENERAL PRACTICE,694 WORCESTER RD,WELLESLEY,MA,024822837,42.2964859,-71.2925571,51,0
3f263db3-2e97-3716-b7f2-e31b7122c248,edd58f69-ad5f-346b-b1f9-530ccdc895f6,Shawn523 Padberg411,F,GENERAL PRACTICE,52 CARPENTER ST,ATTLEBORO,MA,027032472,41.9369576,-71.27996091755344,38,0
d60b5e7c-dca1-38f1-9f63-8313d0e1dfa5,94ac48ba-e215-3ab9-ba88-a0b926d29cef,Barton704 Hahn503,M,GENERAL PRACTICE,300 WINTHROP STREET,MEDFORD,MA,021552311,42.421527,-71.11834,10,0
031161a1-ac87-3fc5-a9d8-fb7d8f3daa65,0334ad53-5d57-384e-a411-63b075139c06,Silas208 Stamm704,M,GENERAL PRACTICE,66 CENTRAL STREET,EAST BRIDGEWATER,MA,023331913,42.03160525,-70.9572577506426,15,0
6ed1bf88-99bb-3d60-86f1-25042b26d4a4,069b90f9-309b-35e4-b990-d1dbacb962cc,Thomas756 Strosin214,M,GENERAL PRACTICE,36 LOWER WESTFIELD ROAD,HOLYOKE,MA,010402749,42.16975305,-72.63488031242107,19,0
0752ddd0-ee55-3d20-88c4-b3a26d836104,b3f4de6b-901d-3856-ba81-35dc48a63d17,Estela596 Cotto891,F,GENERAL PRACTICE,451 ANDOVER ST STE 205,NORTH ANDOVER,MA,018455079,42.6734518,-71.1268776,67,0
c9e195b9-b057-32f9-a1c5-9eef2d723976,e5ce3b83-f5e6-308d-aa64-82539fc2d906,Kyong970 Dach178,F,GENERAL PRACTICE,1842 BEACON ST,BROOKLINE,MA,024451922,42.33728028715071,-71.14536064081996,1,0
776280f2-4684-3b8c-9510-2e4798a10baa,2c2e6afc-9578-3ba5-bb12-eed97d3a823b,Sunni15 Schroeder447,F,GENERAL PRACTICE,405 RIVER ST,MATTAPAN,MA,021262210,42.2699017,-71.09061872585616,1,0
4397df5a-5343-3b84-961b-d9ad0b444572,a2047ff6-62f2-34d7-beb9-7e164d989c75,Emma804 Larkin917,F,GENERAL PRACTICE,1200 CENTRE STREET,ROSLINDALE,MA,021311011,42.29768,-71.130463,14,0
a8280280-bb99-31d7-b9f7-8e55ab04eeb6,936ceb96-2b12-371f-aa68-ee02a9c06f4c,Alan320 Keeling57,M,GENERAL PRACTICE,225 BOSTON ST,LYNN,MA,019043124,42.470497449999996,-70.96003668151566,100,0
3e77f918-06d2-3735-b4b3-d27284d4a91a,0a8a4b11-d0b8-3cd2-92cd-983de5189cfa,Angelena945 Nicolas769,F,GENERAL PRACTICE,111 BIRCH STREET,LYNN,MA,019021574,42.47859105,-70.93458444045801,71,0
ccdb8610-d631-38c2-ad8b-c089ceb652ea,7b7ce654-a413-37d1-9d34-97240c0ac580,Liberty95 Kihn564,F,GENERAL PRACTICE,1 WRENTHAM ST,BELLINGHAM,MA,020192532,42.025037350000005,-71.48945118224057,97,0
6f3dfc15-d959-3cf9-bf2e-1637352af8d4,f1c6e386-ed52-3f97-a2b0-4e21ad2d0966,Frederick289 Bins636,M,GENERAL PRACTICE,54 COURT ST,TAUNTON,MA,027803201,41.9028629,-71.09718927122583,21,0
a7630177-d76c-37d7-90fa-216d692fc40d,7b20d1c4-c56b-3647-801c-5e4e13679073,Mozell819 Prohaska837,F,GENERAL PRACTICE,275 SANDWICH ST,PLYMOUTH,MA,023602183,41.94186605,-70.6455366462985,213,0
cb135008-c039-3c83-b638-190943b30612,df852cb2-9fe0-3c90-87ac-46e5f980ee3b,Claudie965 Koch169,F,GENERAL PRACTICE,3 PATTERSON ROAD  SUITE 3,SHIRLEY,MA,014642907,42.552462649999995,-71.62383665745185,108,0
1608c177-0c10-344a-bb5f-af44bae8c358,3e97ce4f-3ad7-3cea-883f-e2bb4ca89d83,Dan465 Swift555,F,GENERAL PRACTICE,30 NEW CROSSING RD,READING,MA,018673270,42.51809619399502,-71.0959083715027,54,0
97f3434c-f6bb-3a19-a75f-da05a2ecedc1,c0132cf6-1703-3aad-89b4-cc2f2bbc123e,Lovie151 Schoen8,F,GENERAL PRACTICE,66 NEWTON STREET,WALTHAM,MA,024536058,42.3746705,-71.22789736306842,7,0
60929372-c8fb-3c63-b72b-53b9c374b62b,d5920b72-ac1a-3ec4-81ca-e3b75cb7aadd,Donovan745 Daugherty69,M,GENERAL PRACTICE,251 Causeway St.,Boston,MA,02114,42.3665,-71.05931,634,0
28ee6916-eeac-302c-9bf5-4445c5bf16cb,4f59f709-8b84-3d27-a04b-c6b7b5544413,Barbara209 Aranda843,F,GENERAL PRACTICE,70 BOLTWOOD WALK,AMHERST,MA,010022271,42.3768779,-72.51840280783739,149,0
d856d5df-3fab-3edf-8303-1d55c32b3a2a,c4e5b33c-17b8-3f51-a8ba-a327d54e642a,Alton320 Dibbert990,M,GENERAL PRACTICE,94 N ELM ST,WESTFIELD,MA,010852917,42.1322823,-72.7436679,24,0
a5ba25f6-d5da-3ee2-9a45-c9f956fe8e58,36d328a2-68bb-3967-a9bf-00897a7c945f,Jettie913 Rodriguez71,F,GENERAL PRACTICE,299 WAREHAM STREET,MIDDLEBORO,MA,023462905,41.869676,-70.873384,5,0
e6ce6626-a1da-33d5-9c22-5c754282787d,552ede7f-2ba4-39ef-9217-29d27b89b8a7,Gordon377 Reichert620,M,GENERAL PRACTICE,87 SHATTUCK STREET,HAVERHILL,MA,018302319,42.796917699999995,-71.05216081525802,1,0
81e5775e-1972-30ce-beae-4bd6f1913b94,79d49935-bcc0-36ca-920b-45365c367438,Jamel269 Hudson301,M,GENERAL PRACTICE,409 W BROADWAY,SOUTH BOSTON,MA,021272245,42.336831,-71.047958,18,0
a95f3801-462e-3f83-af29-05bbc7cb83d3,0f2c58ec-5323-3c0f-9bdf-af0df7eb2a2b,Mana631 Boehm581,F,GENERAL PRACTICE,130 DORCHESTER STREET,SOUTH BOSTON,MA,021272642,42.3334312,-71.0494949,12,0
b7f4124b-3775-38b9-a87b-cca7e0d986a6,680532c8-2661-3b39-875a-b6ec0746ccf5,Jolyn4 Dach178,F,GENERAL PRACTICE,30 ATHOL ST,ALLSTON,MA,021341124,42.36075595,-71.13397379082869,29,0
a3288578-fdd0-3616-aeab-76ec50eee0aa,cc400ddc-c38d-3604-8d89-cea21555719f,Irene779 Kirlin939,F,GENERAL PRACTICE,87 CHESTNUT ST,NATICK,MA,017603644,42.293559188306446,-71.35158050924959,28,0
5fc839f2-b052-3b6e-b1cb-408b7ce7f2f9,51370692-6296-3150-8672-559fc73f964f,Jeromy156 Okuneva707,M,GENERAL PRACTICE,75 FRANCIS ST,WEST BRIDGEWATER,MA,023791542,42.0219112,-71.019004,8,0
b2dc9fde-9ec9-371e-9637-6feb91df4eac,b5b380d2-df21-3389-abf0-08551c7e1f2d,Madeline975 Friesen796,F,GENERAL PRACTICE,85 PATTON RD,DEVENS,MA,014344401,42.5304204,-71.61505519305638,65,0
69ed0c6f-e249-3724-934c-50fcd1fd1a91,b3312a2d-37e9-35a8-b50d-6c165c437baa,Lorretta561 Reinger292,F,GENERAL PRACTICE,45 DIMOCK ST,ROXBURY,MA,021191029,42.32030665,-71.09721114916246,10,0
de15dd97-c0d8-37ea-8cd9-1c19007391ce,2836d9ac-c6a6-39d1-8f13-fdf0fc8928f4,Carlton317 Koch169,M,GENERAL PRACTICE,365 EAST ST,TEWKSBURY,MA,018761950,42.6069472,-71.2180803,188,0
483ee9d9-1775-3948-833f-30cf02ee404e,a2f8d8fe-665e-390f-8b9b-efdc0b14a77c,Pearlene638 Towne435,F,GENERAL PRACTICE,161 JACKSON ST,LOWELL,MA,018522103,42.6425382,-71.3093946,1,0
2bc0c712-ec9a-3456-82dc-5298de843440,7b4c5725-41a1-38e2-8d17-180e0c029fef,Cortez851 Larkin917,M,GENERAL PRACTICE,116 COURT ST,PLYMOUTH,MA,023603808,41.96037605,-70.67160846967218,33,0
d11710ab-4d6b-37f8-ab81-cfa2ee3e3a68,01516bed-cf23-30da-ad4f-967d65529743,Tena12 Davis923,F,GENERAL PRACTICE,67 BRIGHAM ST,NEW BEDFORD,MA,027402211,41.62716045,-70.9414201572985,29,0
32ab4385-d927-3f8d-ba62-9cca015356fc,b5e6f1bd-c744-3556-9775-5ff8399eea33,Hedwig986 Wiza601,F,GENERAL PRACTICE,2284 MAIN ST,CONCORD,MA,017423829,42.44300895,-71.42458458423982,54,0
60e7f4be-e631-37f4-8f57-23c771e601e8,7c625dc4-2593-31eb-95fd-6a912832b8bb,Ronny764 Braun514,M,GENERAL PRACTICE,980 WASHINGTON STREET  SUITE 124,DEDHAM,MA,020266704,42.228918,-71.18501264023513,14,0
4f4a7190-1d3b-3c74-b356-f49ffa82ea4b,04b252db-4231-3cb5-963d-6f096fb4b97c,José3 Menéndez746,M,GENERAL PRACTICE,1177 PROVIDENCE HIGHWAY,NORWOOD,MA,020625019,42.194543,-71.1994976,98,0
07687e7b-00a2-36d1-8134-f4069a485b5b,83579123-f29c-39b8-9f5f-8f79e91683c7,Reggie481 Kassulke119,M,GENERAL PRACTICE,100 CENTURY DR,WORCESTER,MA,016061244,42.3138278,-71.7707002,30,0
21d59de4-2846-3388-8d3b-52463fd15198,a977feef-f585-3fa8-8deb-7e60fc2cab30,Keneth579 Schulist381,M,GENERAL PRACTICE,2314 MAIN STREET,TEWKSBURY,MA,018763128,42.58023655,-71.19367180835906,4,0
da343e91-8bf3-3421-adcc-f5f0326e04f4,1de7e7d9-9a7a-3a3f-bf4c-b4de450711f2,Vince741 Morissette863,M,GENERAL PRACTICE,198 LITTLETON RD,WESTFORD,MA,018863429,42.564282,-71.42620615382347,18,0
934f8037-5209-3256-85f5-4d40e7db5825,4705a8fd-19cd-32c1-8b3e-34bcfe84d0bd,Jimmie93 Mayert710,M,GENERAL PRACTICE,55 N WASHINGTON ST,NORTH ATTLEBORO,MA,027601607,41.983529,-71.332241,370,0
de84f5bd-f6d5-3899-a895-3dcc0b0c4e85,497f39dd-280e-3d58-af5b-c5e3a3a09b10,Randy380 Bergstrom287,F,GENERAL PRACTICE,27 PARK ST,HYANNIS,MA,026015230,41.65363635,-70.27352219234834,411,0
beff794b-089c-3098-9bed-5cc458acbc05,f2a6c4f7-f5b2-361a-95c4-3d635b352a46,Marshall526 Lynch190,M,GENERAL PRACTICE,546 SOUTH STREET EAST,RAYNHAM,MA,027671079,41.8984957,-71.03751432894776,2,0
ad181c4d-0497-3135-934c-6d7e6cd172ce,b0762027-dc86-335b-8310-f4f031c1caca,Gregorio366 Ornelas92,M,GENERAL PRACTICE,765 WEST CENTER STREET,WEST BRIDGEWATER,MA,023791517,42.01302315,-71.05345585281756,1,0
6d6cde67-5c29-35d4-8c79-36b24644c00f,a525d084-5a8f-3859-a048-2130a4092ec8,Samuel331 Runte676,M,GENERAL PRACTICE,2 MOUNT ROYAL AVENUE  SUITE 350,MARLBOROUGH,MA,017521976,42.34042135,-71.57841367654626,4,0
6a0fd2cc-150f-3c35-bbb9-ee9b9df0a99c,accb8cdd-6560-3fef-b0a6-f12c3295026a,Kerrie266 Bergstrom287,F,GENERAL PRACTICE,969 PARK STREET,ATTLEBORO,MA,027035115,41.9266899,-71.2611303145582,10,0
9a53bf89-9781-3c99-b54e-9e8b727a1f33,390a2aa4-70b4-3a64-a12f-9bd777834c8d,Evangeline16 Howe413,F,GENERAL PRACTICE,710 MAIN STREET,HARWICH PORT,MA,026461931,41.669654699920855,-70.06169919459835,59,0
52ad7d78-5c3c-3868-b8b9-eeb9ddfbc603,07ae483b-b351-3add-8b05-afba832b88ea,Lanette41 Murray856,F,GENERAL PRACTICE,5 REDLANDS ROAD,WEST ROXBURY,MA,021321506,42.2879347,-71.15108161583282,6,0
c955ace3-576d-336a-b0db-a617661d5940,1bed5229-19d7-3168-94a2-f1f2abb00270,Nilsa143 Moore224,F,GENERAL PRACTICE,88 WASHINGTON ST,TAUNTON,MA,027802465,41.9062805,-71.09518121351795,22,0
7b67229a-e3bf-3a3a-ad7a-b43ed59a1bce,41e2a44c-477c-3511-96f9-12c476aa3b6a,Latoyia537 Lindgren255,F,GENERAL PRACTICE,85 E NEWTON ST,BOSTON,MA,021183553,42.336277100000004,-71.07085295687423,234,0
8c5ffb5c-2a40-34bd-8d89-3197461b4d96,9d41e4fc-9507-3ddb-82ad-966046fca031,Ashlyn643 Lehner980,F,GENERAL PRACTICE,104 RANDOLPH ROAD,WORCESTER,MA,016062465,42.29955605000001,-71.79838133819244,8,0
5ef047df-47be-3127-8949-e10a07ae5073,5b0cd0a0-f277-3a66-bee6-d64b5be4a3f5,Maryann106 Hintz995,F,GENERAL PRACTICE,725 NORTH ST,PITTSFIELD,MA,012015493,42.4600752,-73.2492795834909,553,0
dce35fa9-fb83-3918-81d0-3d7134e2b498,69195f53-626c-3031-b4de-d0b206f75d8c,Ronni748 Wiegand701,F,GENERAL PRACTICE,174 FOREST HILLS ST,BOSTON,MA,021303353,42.306401050000005,-71.10237442688054,1,0
ad2465d6-ff36-30ad-95a8-6cfe86455fc1,b44955d1-f0e2-3beb-a013-708a81dbe430,Ernest565 Runte676,M,GENERAL PRACTICE,680 CENTRE ST,WEST BRIDGEWATER,MA,023791600,42.0219112,-71.019004,75,0
c2cc84ef-a0a5-346a-9404-2f1a6ba7232f,c1986c0c-f756-3596-8f90-08adacf220fe,Cristy798 Auer97,F,GENERAL PRACTICE,73 CHESTNUT STREET,SAUGUS,MA,019061605,42.4573919,-70.9918055,3,0
41af9ab0-19e3-3b4f-b6af-dda90ab8c49f,18b1bb7e-2f93-3253-a7ae-d19c13ffeaa1,Patty600 Bashirian201,F,GENERAL PRACTICE,29 E 29TH ST,WEST NEWBURY,MA,019854201,42.8014795,-70.989778,19,0
7c8720c8-02f9-38ae-8fc2-f1a21d04ed8c,67d2f85b-ddc7-3ed0-b90b-6fa5b7b8358a,Marshall526 Jenkins714,M,GENERAL PRACTICE,43 FOUNDRY AVE,WALTHAM,MA,024538313,42.37050535,-71.21908334877376,31,0
ac25b939-58d2-3cda-a625-4ed3dc990ebe,0d9b0d22-585e-3fd8-ab02-26b5be7915d1,Duane703 Koelpin146,M,GENERAL PRACTICE,516 CAREW ST,SPRINGFIELD,MA,011042330,42.12133575,-72.59217953646302,80,0
6a4daf97-7f0d-3ae8-994e-b4c49b10970b,0d1570ab-371c-3898-9397-95905d8c5166,Santina680 Dicki44,F,GENERAL PRACTICE,750 WASHINGTON ST,BOSTON,MA,021111552,42.3499038,-71.0631836,5,0
84e1134f-c864-3d46-bdde-99509e05260d,1853aeef-5897-326a-80d6-aa4b0459eb6d,Jewel43 Kassulke119,M,GENERAL PRACTICE,381 WICKENDEN ST,ATTLEBORO,MA,027032247,41.9438129,-71.2806515,59,0
4b4178a6-2266-3521-bece-8748f1c7f33a,e6135816-cb29-3e50-b7b8-1df67bdcbce8,Jared66 Orn563,M,GENERAL PRACTICE,330 BOSTON RD,NORTH BILLERICA,MA,018622319,42.5871093,-71.2948553,20,0
9a6a6691-c284-33aa-ba0c-46315affd94c,2ca615f3-87f7-3283-a447-d919a883b676,Roberto515 Macías944,M,GENERAL PRACTICE,1399 WASHINGTON ST,HANOVER,MA,023391653,42.1441354,-70.8440854,24,0
a2e088eb-6a43-3728-a306-986b2a3e7c6a,c0a33465-d309-3d2a-932e-9d554a7cc19c,Nathanael908 Rogahn59,M,GENERAL PRACTICE,100 CENTURY DR,WORCESTER,MA,016061244,42.3138278,-71.7707002,209,0
b9f1abed-27bc-39f1-a242-bf277c6ba655,7f32dd7d-5c35-3ddb-839b-8fbbb930d412,Luna60 Littel644,F,GENERAL PRACTICE,863 CENTRAL STREET,FRAMINGHAM,MA,017014813,42.30758060362541,-71.42846215724606,5,0
002eb90d-c74c-3ec4-ba16-33d012a95e63,6e517750-a29e-3170-a02b-5733ff523458,Levi940 Abbott774,M,GENERAL PRACTICE,101 BARRY RD,WORCESTER,MA,016091275,42.3030701,-71.8333408960994,33,0
0db2e056-b447-3e92-a6af-9cbe6e9731b8,3f12ebb4-e03c-3453-88d2-4fc9682383df,Irina619 Stiedemann542,F,GENERAL PRACTICE,726 COUNTY ST,NORTH DARTMOUTH,MA,027473603,41.6389926,-70.9703171,40,0
11f7a730-6ef6-3dd6-94e3-09617b50071c,a9fc7aa5-d3b3-314d-9cf7-af29051d3dd9,Rudolf736 Hermiston71,M,GENERAL PRACTICE,1193 SEA STREET,TAUNTON,MA,027803960,41.8946107,-71.11113,8,0
d6d536f2-c8f0-3b12-9f9d-ccf9d4e92a11,8af3b144-0e1a-3c90-937d-81a4ed026080,Guillermo498 Fay398,M,GENERAL PRACTICE,800 WASHINGTON STREET,NORWOOD,MA,020623489,42.1886973,-71.2005241,93,0
da7cc475-645a-330c-9197-5e1661ec3d57,9fdce5d5-d4d0-3156-a8d5-8757bfe4e9b3,Pamelia915 Kilback373,F,GENERAL PRACTICE,1 FARMER CIR,ARLINGTON,MA,024742866,42.42405225,-71.16792616556859,28,0
16cbf125-617a-30f8-845e-149bb6862339,b014aec7-7bd8-351f-8808-3e280cbc5be6,Sergio619 Volkman526,M,GENERAL PRACTICE,70 EAST ST,HAVERHILL,MA,018306700,42.7777829,-71.0767724,2,0
de7bbf2c-ad86-3544-b7f9-2abefb547949,f1664435-2eca-3eff-bd1a-13701e7ad1bd,Rosa195 Marks830,F,GENERAL PRACTICE,300 PASTEUR DRIVE,NEWTON,MA,024592058,42.3370414,-71.2092214,60,0
ef2a91a1-6600-3900-ac7f-5ac7197d135b,125eccb3-d003-34ea-9bd8-360dff059782,Rolande819 Gerlach374,F,GENERAL PRACTICE,125 PARKER HILL AVENUE,DEDHAM,MA,020266146,42.2489143,-71.1755732,57,0
05c9a8a7-8913-31eb-bcb2-8c8f3b0086d4,c5742266-625d-3824-9ed3-4b5c6bc3e296,Erica194 Goyette777,F,GENERAL PRACTICE,22 BRAMHALL ST,SCITUATE,MA,020664312,42.1939754,-70.7697128,38,0
86d37694-22ea-38a9-a1ff-f9910f016ee9,b242f971-3c74-3778-b148-81366c1e6a3f,Jaquelyn689 Bernier607,F,GENERAL PRACTICE,10 CAREMATRIX DR,DEDHAM,MA,020266149,42.2270762,-71.17237295563174,479,0
b696ded0-c5a0-3fea-9b55-be622aff6a05,e5b9db6a-8dd8-3622-b9ce-3dc593e111d1,Carmelita854 Tromp100,F,GENERAL PRACTICE,1223 BEACON ST STE A,BROOKLINE,MA,024465332,42.3430087,-71.1170155,97,0
8953219e-cbb0-3fc6-84d7-93ee447c3d44,36c8b677-a6ce-3266-b71e-ed86d778d0fa,Rebekah348 Rippin620,F,GENERAL PRACTICE,300 FRIBERG PKWY,WESTBOROUGH,MA,015813900,42.28350315,-71.58027718702151,172,0
4f94d1b8-31d7-3ba4-b869-a042c3016bb5,e92dad8b-f485-315a-8fc4-1d7adfdc9c00,Laurena366 Anderson154,F,GENERAL PRACTICE,581 FAUNCE CORNER RD,DARTMOUTH,MA,027471242,41.676111381167445,-70.98788528176077,99,0
005ec795-175c-3573-8ede-d7a7d29a0b56,aad05540-c9cb-3805-b3c4-f9b9d9b42b2e,Arla414 Fritsch593,F,GENERAL PRACTICE,821 E MAIN ST STE 3,CHICOPEE,MA,010206306,42.155774795300516,-72.55672263289513,160,0
045af6c9-ed21-3c8a-9ca9-26359f6d1840,ce3b504c-f15c-3bcf-ba6e-dcb551cc7d7f,Dale454 Schmitt836,M,GENERAL PRACTICE,112 SOUTHAMPTON ST,BOSTON,MA,021182711,42.33240995,-71.06915010706255,15,0
082dcf3a-87db-362a-a2f5-4dc5991db0de,19a3afba-b409-3650-a0ab-f3faf6e391ef,Patrina117 Strosin214,F,GENERAL PRACTICE,199 REEDSDALE RD,WALTHAM,MA,024511433,42.3756401,-71.2358004,37,0
ef0894d0-9cbe-3e09-9bd3-00e81d31d8df,76b7dbb5-0a02-32a4-9a01-3511f7e45016,Jerrold404 Satterfield305,M,GENERAL PRACTICE,59 COUNTRY WAY,SCITUATE,MA,020663746,42.1806871,-70.74862935148246,8,0
a4b1c96e-11bf-3bf2-b42d-97db425285bc,83a08dcf-7ed6-3d2e-afc0-a72c05d2563c,Jerri638 Stiedemann542,F,GENERAL PRACTICE,755 MAIN ST,HAVERHILL,MA,018302166,42.797835,-71.0878121,13,0
70e3820b-cec3-37cb-94a5-4a74e17344e9,25c85bcc-7e25-36bc-89e8-08e0d473db23,Sharron285 Okuneva707,F,GENERAL PRACTICE,138 S MAIN ST STE 14,MILFORD,MA,017573272,42.1270746,-71.51639128815474,117,0
a11b6387-b580-3511-8b57-b2ef65074704,d9b71ccf-6649-3555-9e99-44eac0af257f,Darlene91 Collier206,F,GENERAL PRACTICE,655 DEDHAM ST,WRENTHAM,MA,020931135,42.084901,-71.30689224201797,103,0
21a8af4d-1e7a-367b-a8fc-282dbe03f731,5862e05c-9533-3f7a-8f73-215d50f5ee2f,Emilio417 Barton704,M,GENERAL PRACTICE,1200 CENTRE ST,ROSLINDALE,MA,021311000,42.29768,-71.130463,1,0
14161e08-00ef-35b9-9134-dc600cf73ba0,26d8e700-7d84-3b34-bfad-274b535ec244,Olin642 Padberg411,M,GENERAL PRACTICE,421 North Main Street,Leeds,MA,01053,42.345066,-72.68291,5,0
f5aa52e2-0a9d-38ed-a7d0-a7c0ba911191,ad482681-b4c4-3fce-ac59-78c83d31b0ba,Jeanie708 Turner526,F,GENERAL PRACTICE,130 CHESTNUT ST,FRANKLIN,MA,020383903,42.08345955,-71.38413379825735,3,0
6a38027a-188c-3bf8-9685-97f783219c91,471f7ca2-38f8-3080-8109-187c73ec0b1f,Collin529 Johnson679,M,GENERAL PRACTICE,27 CONGRESS ST,SALEM,MA,019707308,42.518722068313224,-70.88940635956651,22,0
16583652-9c42-31c0-9933-d9c9a0ef8c55,a5577e5c-b886-37a0-8eee-8ff6feb7ea6b,Leopoldo762 Keebler762,M,GENERAL PRACTICE,330 MOUNT AUBURN ST,CAMBRIDGE,MA,021385502,42.3741033,-71.13417575971958,475,0
7be8ff73-af40-3444-b76a-613a8d322068,7dcab1ad-0e13-3700-9eb0-70767c5e2b55,Dana512 Wilkinson796,F,GENERAL PRACTICE,1515 ALLEN ST,SPRINGFIELD,MA,011181803,42.095299499999996,-72.50943136142334,7,0
736e1f2b-3528-3bc1-9726-a1e1b38a8bad,e7722de2-0e62-3dc9-a163-a7003956673b,Charlena802 Lockman863,F,GENERAL PRACTICE,1 EDGEWATER DRIVE  SUITE 103,NORWOOD,MA,020624669,42.16153305,-71.20162617190071,3,0
62ecf63e-91be-377a-b066-9404004bb066,62b55e5b-b58f-354d-8f2d-f2a330bc619e,Paz9 Gerlach374,F,GENERAL PRACTICE,201 HIGHLAND ST,CLINTON,MA,015101037,42.42738865,-71.69329092351188,115,0
92803408-04e8-3320-a22c-7ad70ee3bfc7,966245ce-e84d-36b0-a838-2e0b5bb2e668,Pei116 Crooks415,F,GENERAL PRACTICE,1425 BLUE HILL AVENUE,MATTAPAN,MA,021262122,42.2754929,-71.09384131587021,229,0
8c9dd0cc-7d40-3a0b-a32e-afb4214cae13,b9a91cbd-3263-31d9-9cff-55873cf8b2e2,Bart73 Becker968,M,GENERAL PRACTICE,25 Bond Street,Springfield,MA,01104,42.110065,-72.60007,24,0
ba8b3fd5-5921-3fd2-8c52-fc6ccbc90779,9dbd44ba-59b2-3d1d-ac91-3880af8081d2,Tori754 Larson43,F,GENERAL PRACTICE,529 MAIN ST STE B,ACTON,MA,017203965,42.4878132338563,-71.43046999422496,68,0
c3c15a83-33c5-3127-ae87-b4f9da01edd3,35eba9db-902f-32e6-b302-0e5ef8fa5c68,Isaiah615 Schumm995,M,GENERAL PRACTICE,66 BROAD ST,WESTFIELD,MA,010852927,42.1165587,-72.74727440058362,1,0
587f72c6-2dfe-3709-9445-5b8d87fbdac2,3465062e-288a-395c-abbe-2813f9c7b8a1,Tyrell880 Veum823,M,GENERAL PRACTICE,22 MAPLE ST,AMESBURY,MA,019131304,42.857005,-70.94281582407783,1,0
d8d0360a-3729-3e6f-bd38-434729aeed43,845fbd9b-2d1c-39a8-8261-28ae40e4fab2,Sam879 Rippin620,F,GENERAL PRACTICE,14 PROSPECT STREET,UPTON,MA,015681431,42.1700209025178,-71.59409308099494,743,0
435a4d7e-42ef-3dfa-8ee0-89840b7c50ec,bac9dc0c-cb0f-3fa6-aa12-819dd0fb922a,Nicholas495 Greenfelder433,M,GENERAL PRACTICE,1493 CAMBRIDGE ST,SOMERVILLE,MA,021452935,42.3875968,-71.0994968,78,0
83a1f8c2-15f3-3af9-b7c7-41e816b98b2f,84d5768f-3a21-3da9-aad2-bbf7a3ae2700,Hank686 Schneider199,M,GENERAL PRACTICE,817 MERRIMACK ST,LOWELL,MA,018543548,42.650296999999995,-71.32263756223612,36,0
59a6aca8-b73e-3827-99ad-be88519e4741,9ce6072b-d039-3cde-8eaf-950211b8ae88,Saul605 Ratke343,M,GENERAL PRACTICE,147 S MAIN ST,MIDDLETON,MA,019492446,42.585787222720036,-71.00861442427218,81,0
923dcc77-7a9c-3917-8bf1-ffa07050d3b4,af8566eb-8918-3ec7-ba44-92b6a2cf8097,Trevor374 Walker122,M,GENERAL PRACTICE,81 HIGHLAND AVE,SALEM,MA,019702714,42.5112107,-70.90516241826194,106,0
ae4eaf54-12f5-3322-82a6-1f691a0874e7,d1d4d104-68cb-356b-9086-888de7d2826f,Ellyn26 Windler79,F,GENERAL PRACTICE,61 Lincoln Street  Suite 112,Framingham,MA,01702,42.28348,-71.41845,17,0
e79427bd-a365-318d-9cad-a2ee55c1c86a,73b6f956-a558-348c-8524-52b20510e421,Santo387 Batz141,M,GENERAL PRACTICE,891 HYDE PARK AVENUE,HYDE PARK,MA,021363267,42.26954947530026,-71.1209263051824,10,0
de0f0616-11e2-3e32-8479-964668e1837a,058176fd-cbb0-328b-8411-c19f5045032d,Dion244 Sanford861,M,GENERAL PRACTICE,840 EMERSON GARDENS ROAD,LEXINGTON,MA,02420,42.43761961817366,-71.19888753880475,4,0
38a8a79a-c3dd-36f2-81e6-e09bfd1de002,a036cdf2-bbc5-3ffd-987f-56e437fd8b74,Shayne60 Gutmann970,M,GENERAL PRACTICE,265 N MAIN ST,SOUTH YARMOUTH,MA,026642083,41.680980000000005,-70.18292625685085,12,0
c05c3267-0f5e-3642-a84d-949d5087cc7c,4f5e8f16-a31b-3071-8556-d7188ede313d,Barrett790 Wolf938,M,GENERAL PRACTICE,575 BEECH ST,HOLYOKE,MA,010402223,42.20105435,-72.628169560868,306,0
bde3a54e-2e9e-3c99-b4e3-1d9cdbccb10d,a25107f7-f4f5-36fc-98e4-f3e1b5875c91,Yesenia104 Wilderman619,F,GENERAL PRACTICE,1285 BEACON ST,WOBURN,MA,018012157,42.4979478,-71.1684508,5,0
b629fcab-29dd-37b1-9d72-9a70f74e15cf,0e6c3ad1-24c1-34cb-bb6d-e8438fa319e2,Vern731 Casper496,M,GENERAL PRACTICE,50 DODGE ST,SWAMPSCOTT,MA,019071300,42.4699241,-70.9171507,3,0
52c1341a-162e-3a94-b660-9b16c0f51e03,3695125c-c052-3ece-898a-2a6448987ae5,Rosanna866 DuBuque211,F,GENERAL PRACTICE,2040 BOSTON RD STE 5,WILBRAHAM,MA,010951380,42.150295650000004,-72.47288272264812,6,0
b07c5fb1-6445-3fec-b6b4-89fafc213790,63b93742-6c13-3309-92b6-f7c858e9f320,Leopoldo762 Schmeler639,M,GENERAL PRACTICE,77B WARREN ST,BRIGHTON,MA,021353601,42.348002699999995,-71.14205064012461,39,0
4b7bedcd-0edb-30b0-8a96-3c7865b07966,05fcf001-ab24-3d7d-85f7-f64942d82738,Nickolas58 Schumm995,M,GENERAL PRACTICE,250 POND STREET,FRAMINGHAM,MA,017014592,42.2838619,-71.4093719,119,0
b1eacf88-8768-3b2f-b7e4-d1906fd0795e,7e6db51f-7c1b-3555-9e1c-6269ba6d704d,Jacque955 Streich926,F,GENERAL PRACTICE,120 STAFFORD STREET SUITE 206,WORCESTER,MA,016031461,42.239638,-71.8443785891577,5,0
b8697b70-54de-3852-a03f-1d54d91857db,0e3a24c3-b772-3059-b3fd-8a4710068a82,Malka46 Gerhold939,F,GENERAL PRACTICE,416 BROADWAY,RAYNHAM,MA,027671737,41.940680799999996,-71.07864352196617,45,0
5d7092d2-5194-3d00-9b45-f0ec99a72c59,40d5ac54-6e92-353d-8bce-63afb7e8fb0b,Murray856 Jacobs452,M,GENERAL PRACTICE,1325 SPRINGFIELD STREET STE 12,PITTSFIELD,MA,012016187,42.451302,-73.260018,1,0
a0847791-960e-3b76-b472-04689b84d705,9adfae03-673d-365d-9052-f705098fa3e4,Daniel959 Wolff180,M,GENERAL PRACTICE,51 BLOSSOM ST,BOSTON,MA,021142699,42.36305545,-71.06643399281765,121,0
f02e5ac7-c726-3293-8faf-2b87e8ad7efb,25431f9a-00e4-36d8-9810-4125328eec50,Kati243 Ruecker817,F,GENERAL PRACTICE,55 FRUIT ST,WALTHAM,MA,02451,42.3756401,-71.2358004,48,0
1133ea1f-ae50-3fac-9baf-c26673b128e6,a130ed39-d3a2-3b2a-91fe-0c14f5e26eb2,Chery887 Nicolas769,F,GENERAL PRACTICE,EAST CREEK ROAD,NANTUCKET,MA,025544015,41.273999,-70.091114,1,0
5bf63d5a-fe47-3c97-9bbd-7078638a2061,89171335-b9c0-3326-98d6-a837d432b9fd,Louis204 Hauck852,M,GENERAL PRACTICE,150 FLANDERS ROAD,LYNN,MA,019042915,42.466763,-70.9494939,99,0
88b7e3e0-01f3-32ea-8755-ce96f3b40d81,979d5316-97f4-335d-af9d-d0afba85dc6a,Jolyn4 Borer986,F,GENERAL PRACTICE,57 PROSPECT ST,NANTUCKET,MA,025542799,41.27514065,-70.10108985970798,51,0
1b6b55d7-9a04-3b29-b794-2943c485d3b5,217cb6f6-e822-3831-9d9d-ffa104971042,Luther918 Jakubowski832,M,GENERAL PRACTICE,2 REHABILITATION WAY,WOBURN,MA,018016003,42.46352265,-71.161925472006,29,0
61e851b9-845d-3be7-b237-b720f7b00415,4e56c7ec-99e5-3023-8e4f-95ad18a03f06,Duane703 Bosco882,M,GENERAL PRACTICE,28 RIVERSIDE DR STE 101,PEMBROKE,MA,023594947,42.11004715,-70.77534154695786,52,0
dc36c679-1999-30c4-8d91-d6261bf60256,e0cc7e8e-e1a4-3a02-b589-0a35741d39fe,Alla648 Towne435,F,GENERAL PRACTICE,990 PARADISE RD,SWAMPSCOTT,MA,019071831,42.48374535000001,-70.90120467000462,40,0
ec06a0ad-1ddc-3057-81a8-5bee9bca9fe5,121b0ad1-1beb-3caa-9271-3d3f726bb727,Kyoko885 Price929,F,GENERAL PRACTICE,1030 MAIN STREET,WALTHAM,MA,024517447,42.375828,-71.2527956,33,0
d25845a9-9db7-3eda-866a-01e5d30fae1b,0a2252ba-33de-322f-8f0a-e5b0141f1780,Juan Carlos348 Barraza113,M,GENERAL PRACTICE,632 BLUE  HILL AVENUE,DORCHESTER,MA,021213213,42.2941088,-71.0885355,53,0
8428b2d8-757e-30f8-9929-9ee81bacf25d,4f029aea-a3f7-3429-a477-45cfe183c3f9,Marchelle563 Lesch175,F,GENERAL PRACTICE,1675 NORTH MAIN STREET,LANCASTER,MA,015232405,42.4761132,-71.6873032,10,0
cff7cbba-1ca0-35ee-92db-d3b9571cae63,f6ba791e-fe68-3596-bef4-60751db6a60e,Freeda113 Crooks415,F,GENERAL PRACTICE,37 BIRCH STREET,MILFORD,MA,017575501,42.1424349,-71.48943173357203,6,0
87bb545e-9dbe-3143-b13b-03ce47278961,67cade01-dcfe-37b7-8e2c-b712d9e6fbba,Lelah386 Wintheiser220,F,GENERAL PRACTICE,694 MAIN ST,HOLDEN,MA,015201862,42.3406819,-71.8390289,49,0
94a86e56-c6b9-315b-a2d5-a011db5dac06,9f368e75-397f-3d77-a317-9a005512a4e2,Franklin857 Pfannerstill264,M,GENERAL PRACTICE,381 PARK AVE,WORCESTER,MA,016101026,42.2583962,-71.82204240042036,45,0
d7e9570b-4dbe-39e1-a728-936ef8618c16,7cb70963-6f86-3eab-a12b-88deb31de793,Katelynn452 Ledner144,F,GENERAL PRACTICE,18 DANA HILL ROAD,STERLING,MA,015642414,42.4106904,-71.7976286731579,8,0
fe8e6f3c-4d1f-3d34-ad47-7b3a5ef8965a,95f6c328-96dd-3fb8-a56e-9aad566094b4,Burton124 Schoen8,M,GENERAL PRACTICE,4 STONY HILL ROAD,WILBRAHAM,MA,010951027,42.1552861,-72.48384800788648,33,0
dd580203-bb58-378a-88ec-b58a05b78cb3,76baa51d-0d0f-359d-a07b-7b999a43d42e,Lincoln623 Gibson10,M,GENERAL PRACTICE,101 STATION DR STE 240,WESTWOOD,MA,020902336,42.20728361922244,-71.15698168263435,87,0
38df3305-9f72-3e70-91e7-ca042d2d2fda,02d7b144-352f-3eac-97db-6fc4a95bf1fa,Dante562 Reinger292,M,GENERAL PRACTICE,120 SEMINARY AVENUE,AUBURNDALE,MA,024662650,42.34002614299451,-71.24911543639162,2,0
74ac2071-2b88-3c45-b8ea-9cdf87b8a64f,53f086de-2fc7-3d35-92c2-aca4ed944e7f,Chang901 Kutch271,M,GENERAL PRACTICE,1 GENERAL ST,LAWRENCE,MA,018412961,42.7097143,-71.15007700778098,779,0
dacae5bf-1b03-3afd-905e-e8d0ccde2e13,20f63278-6709-3195-b767-782d2a10bd5c,Stacee229 Krajcik437,F,GENERAL PRACTICE,640 CONCORD AVENUE,CAMBRIDGE,MA,021381116,42.389222000000004,-71.14799280677965,7,0
01e40d10-a724-3ef7-a17d-fc81e7c734cc,c709c5eb-ddd7-3778-84f7-0931a4d1c718,Carmelina668 Goyette777,F,GENERAL PRACTICE,1200 CENTRE ST,ROSLINDALE,MA,021311000,42.29768,-71.130463,64,0
3168d392-c2bd-36ea-bac5-9814a93f6bce,c05d73d0-b348-32ce-9fe5-13a720950f37,Abraham100 McDermott739,M,GENERAL PRACTICE,45 DRUM HILL RD,CHELMSFORD,MA,018241503,42.6255635,-71.3615131,5,0
0e56994c-eec2-3238-a356-b944ea3d31f7,c0cc8f8d-a479-3f83-9e1f-1fd556b944ef,Lu473 Heathcote539,F,GENERAL PRACTICE,250 PARADISE RD,SWAMPSCOTT,MA,01907,42.47638005,-70.91253402512964,44,0
8eaf14f1-d82d-3055-af21-39c38ef6e9a4,ac0fde88-b0ad-3388-a4a8-b8fc2a4f4af2,Bobbye345 Wuckert783,F,GENERAL PRACTICE,150 YORK STREET,STOUGHTON,MA,020729105,42.144646800000004,-71.09875876961266,9,0
b65a8798-f9f2-3b0b-b6c4-02e1ea88cf74,0592d4e5-a0fb-3143-83cd-8e5a6b066a96,Anderson154 Lemke654,M,GENERAL PRACTICE,20 EAST ST,HANOVER,MA,023391638,42.1278249,-70.82664947485381,12,0
5601cb66-1699-38b1-9766-ecf539d5ae6c,7b5bf0fc-c5c0-3f22-980b-fdfff326a9b4,Tabitha433 Kling921,F,GENERAL PRACTICE,40 CUMBERLAND AVE,NORTH ATTLEBORO,MA,027604445,41.9316677,-71.35407469790115,34,0
8ab31eed-e569-34fc-8c89-b3254144087c,ba07b31b-bf14-39b8-be95-4c5ca5062daa,Alicia629 Espinal146,F,GENERAL PRACTICE,1575 CAMBRIDGE ST,CAMBRIDGE,MA,021384308,42.375209549999994,-71.10711344152975,628,0
73b3da46-575a-380c-9cf6-cf8edb9c2a9e,6aae7a31-90df-3455-ad8d-81f8cf2d21e8,Damaris45 Funk324,F,GENERAL PRACTICE,680 CENTRE ST,BROCKTON,MA,023023308,42.0872752,-70.9910738855076,61,0
908fe3b3-dcdc-3856-a8ee-b19e9991d852,14036728-b721-3e4b-8755-8ee8ab6ed15e,Rocky100 Schmeler639,M,GENERAL PRACTICE,625 MOUNT AUBURN ST,CAMBRIDGE,MA,021384518,42.375351,-71.1468628,95,0
26e0df6d-b4fd-3138-9fd5-03e4ff470cfc,104079d4-560e-3eb8-9a48-d495835a3997,Nevada145 Schmeler639,F,GENERAL PRACTICE,68 CAMP ST,MASHPEE,MA,026493465,41.6484421,-70.4811383,26,0
